.y.,group1,group2,n1,n2,statistic,df,p
value,A,B,28,27,1.4193782995399935,27.010515725351592,0.167
