.y.,group1,group2,n1,n2,statistic,df,p
value,A,B,28,27,-4.0799542864212714,39.33495178747947,2.13e-4
