.y.,group1,group2,n1,n2,statistic,df,p
value,A,B,28,27,2.9232978910572696,48.63821604227389,0.00524
