.y.,group1,group2,n1,n2,statistic,df,p
value,A,B,28,27,1.980414387364008,44.433732001921,0.053900000000000003
