.y.,group1,group2,n1,n2,statistic,df,p
value,A,B,28,27,-1.659820126541351,42.60037622275033,0.104
