.y.,group1,group2,n1,n2,statistic,df,p
value,A,B,28,27,1.7268361755532482,48.24139405035505,0.0906
