.y.,group1,group2,n1,n2,statistic,df,p
value,A,B,28,27,3.6685498603801046,48.697245754755166,6.04e-4
