.y.,group1,group2,n1,n2,statistic,df,p
value,A,B,28,27,1.9373966774247782,43.089514943475635,0.0593
