.y.,group1,group2,n1,n2,statistic,df,p
value,A,B,28,27,2.9308986948846765,39.678517538456745,0.00558
