.y.,group1,group2,n1,n2,statistic,df,p
value,A,B,28,27,1.012037256500542,52.99460902460566,0.316
