.y.,group1,group2,n1,n2,statistic,df,p
value,A,B,28,27,4.715418534780557,35.76898682389136,3.62e-5
