.y.,group1,group2,n1,n2,statistic,df,p
value,A,B,28,27,5.61572884284368,52.932397688492124,7.37e-7
