.y.,group1,group2,n1,n2,statistic,df,p
value,A,B,28,27,7.265065535746411,45.46136871208295,3.9e-9
