.y.,group1,group2,n1,n2,statistic,df,p
value,A,B,28,27,3.184484383983328,34.542036725244046,0.00307
