.y.,group1,group2,n1,n2,statistic,df,p
value,A,B,28,27,1.643782315607298,36.486893940633685,0.109
