.y.,group1,group2,n1,n2,statistic,df,p
value,A,B,28,27,-3.5595270990504013,42.056144398525284,9.38e-4
