.y.,group1,group2,n1,n2,statistic,df,p
value,A,B,28,27,2.3224997550404702,38.48992161674646,0.0256
