.y.,group1,group2,n1,n2,statistic,df,p
value,A,B,28,27,3.7620241946452877,47.71233689425953,4.61e-4
