.y.,group1,group2,n1,n2,statistic,df,p
value,A,B,28,27,0.3237616528657931,50.18505091213658,0.747
